{"cameraMode":{"drawMode":0,"name":"Shaded","section":"Shading Mode"},"sceneLighting":true,"audioPlay":false,"sceneViewState":{"m_AlwaysRefresh":false,"showFog":true,"showSkybox":true,"showFlares":true,"showImageEffects":true,"showParticleSystems":true,"showVisualEffectGraphs":true,"m_FxEnabled":true},"in2DMode":false,"pivot":{"x":0.02794027328491211,"y":-0.8188118934631348,"z":1.1455256938934327},"rotation":{"x":-0.013451271690428257,"y":0.8934226632118225,"z":-0.026810387149453164,"w":-0.44822266697883608},"size":3.703355073928833,"orthographic":false}